[
    {
        "iconUrl": "https://www.google.com/s2/favicons?domain=altadefinizione.tienda&sz=%size%",
        "apiVersion": 1,
        "repositoryUrl": "https://codeberg.org/cloudstream/cloudstream-extensions-multilingual",
        "fileSize": 12193,
        "status": 1,
        "language": "it",
        "authors": [
            "Adippe"
        ],
        "tvTypes": [
            "Movie"
        ],
        "version": 3,
        "internalName": "AltadefinizioneProvider",
        "url": "https://codeberg.org/cloudstream/cloudstream-extensions-multilingual/raw/branch/builds/AltadefinizioneProvider.cs3",
        "name": "AltadefinizioneProvider"
    },
    {
        "iconUrl": "https://www.google.com/s2/favicons?domain=animefenix.com&sz=%size%",
        "apiVersion": 1,
        "repositoryUrl": "https://codeberg.org/cloudstream/cloudstream-extensions-multilingual",
        "fileSize": 17633,
        "status": 1,
        "language": "es",
        "authors": [
            
        ],
        "tvTypes": [
            "AnimeMovie",
            "OVA",
            "Anime"
        ],
        "version": 1,
        "internalName": "AnimefenixProvider",
        "url": "https://codeberg.org/cloudstream/cloudstream-extensions-multilingual/raw/branch/builds/AnimefenixProvider.cs3",
        "name": "AnimefenixProvider"
    },
    {
        "iconUrl": "https://www.google.com/s2/favicons?domain=animeflv.io&sz=%size%",
        "apiVersion": 1,
        "repositoryUrl": "https://codeberg.org/cloudstream/cloudstream-extensions-multilingual",
        "fileSize": 16993,
        "status": 1,
        "language": "es",
        "authors": [
            
        ],
        "tvTypes": [
            "AnimeMovie",
            "Anime",
            "OVA"
        ],
        "version": 1,
        "internalName": "AnimeflvIOProvider",
        "url": "https://codeberg.org/cloudstream/cloudstream-extensions-multilingual/raw/branch/builds/AnimeflvIOProvider.cs3",
        "name": "AnimeflvIOProvider"
    },
    {
        "iconUrl": "https://www.google.com/s2/favicons?domain=www3.animeflv.net&sz=%size%",
        "apiVersion": 1,
        "repositoryUrl": "https://codeberg.org/cloudstream/cloudstream-extensions-multilingual",
        "fileSize": 15988,
        "status": 1,
        "language": "es",
        "authors": [
            
        ],
        "tvTypes": [
            "AnimeMovie",
            "Anime",
            "OVA"
        ],
        "version": 1,
        "internalName": "AnimeflvnetProvider",
        "url": "https://codeberg.org/cloudstream/cloudstream-extensions-multilingual/raw/branch/builds/AnimeflvnetProvider.cs3",
        "name": "AnimeflvnetProvider"
    },
    {
        "iconUrl": "https://www.google.com/s2/favicons?domain=www.animesaturn.cc&sz=%size%",
        "apiVersion": 1,
        "repositoryUrl": "https://codeberg.org/cloudstream/cloudstream-extensions-multilingual",
        "fileSize": 17115,
        "status": 1,
        "language": "it",
        "authors": [
            
        ],
        "tvTypes": [
            "Anime",
            "AnimeMovie"
        ],
        "version": 3,
        "internalName": "AnimeSaturnProvider",
        "url": "https://codeberg.org/cloudstream/cloudstream-extensions-multilingual/raw/branch/builds/AnimeSaturnProvider.cs3",
        "name": "AnimeSaturnProvider"
    },
    {
        "iconUrl": "https://www.google.com/s2/favicons?domain=www.animeworld.tv&sz=%size%",
        "apiVersion": 1,
        "repositoryUrl": "https://codeberg.org/cloudstream/cloudstream-extensions-multilingual",
        "fileSize": 21048,
        "status": 1,
        "language": "it",
        "authors": [
            
        ],
        "tvTypes": [
            "AnimeMovie",
            "Anime",
            "OVA"
        ],
        "version": 3,
        "internalName": "AnimeWorldProvider",
        "url": "https://codeberg.org/cloudstream/cloudstream-extensions-multilingual/raw/branch/builds/AnimeWorldProvider.cs3",
        "name": "AnimeWorldProvider"
    },
    {
        "iconUrl": "https://www.google.com/s2/favicons?domain=aniplay.it&sz=%size%",
        "apiVersion": 1,
        "repositoryUrl": "https://codeberg.org/cloudstream/cloudstream-extensions-multilingual",
        "fileSize": 21547,
        "status": 1,
        "language": "it",
        "authors": [
            
        ],
        "tvTypes": [
            "AnimeMovie",
            "Anime",
            "OVA"
        ],
        "version": 5,
        "internalName": "AniPlayProvider",
        "url": "https://codeberg.org/cloudstream/cloudstream-extensions-multilingual/raw/branch/builds/AniPlayProvider.cs3",
        "name": "AniPlayProvider"
    },
    {
        "iconUrl": "https://www.google.com/s2/favicons?domain=calciostreaming.live&sz=%size%",
        "apiVersion": 1,
        "repositoryUrl": "https://codeberg.org/cloudstream/cloudstream-extensions-multilingual",
        "fileSize": 8762,
        "status": 1,
        "language": "it",
        "authors": [
            "Adippe"
        ],
        "tvTypes": [
            "Live"
        ],
        "version": 2,
        "internalName": "CalcioStreamingProvider",
        "url": "https://codeberg.org/cloudstream/cloudstream-extensions-multilingual/raw/branch/builds/CalcioStreamingProvider.cs3",
        "name": "CalcioStreamingProvider"
    },
    {
        "iconUrl": "https://www.google.com/s2/favicons?domain=casacinema.lol&sz=%size%",
        "apiVersion": 1,
        "repositoryUrl": "https://codeberg.org/cloudstream/cloudstream-extensions-multilingual",
        "fileSize": 14707,
        "status": 1,
        "language": "it",
        "authors": [
            "Forthe"
        ],
        "tvTypes": [
            "TvSeries",
            "Movie"
        ],
        "version": 3,
        "internalName": "CasaCinemaProvider",
        "url": "https://codeberg.org/cloudstream/cloudstream-extensions-multilingual/raw/branch/builds/CasaCinemaProvider.cs3",
        "name": "CasaCinemaProvider"
    },
    {
        "iconUrl": "https://www.google.com/s2/favicons?domain=cineblog01.legal&sz=%size%",
        "apiVersion": 1,
        "repositoryUrl": "https://codeberg.org/cloudstream/cloudstream-extensions-multilingual",
        "fileSize": 10089,
        "status": 1,
        "language": "it",
        "authors": [
            "Adippe"
        ],
        "tvTypes": [
            "TvSeries",
            "Movie"
        ],
        "version": 3,
        "internalName": "CineBlog01Provider",
        "url": "https://codeberg.org/cloudstream/cloudstream-extensions-multilingual/raw/branch/builds/CineBlog01Provider.cs3",
        "name": "CineBlog01Provider"
    },
    {
        "iconUrl": "https://www.google.com/s2/favicons?domain=cb01.rip&sz=%size%",
        "apiVersion": 1,
        "repositoryUrl": "https://codeberg.org/cloudstream/cloudstream-extensions-multilingual",
        "fileSize": 14389,
        "status": 2,
        "language": "it",
        "authors": [
            "Adippe",
            "Forthe"
        ],
        "tvTypes": [
            "TvSeries",
            "Movie"
        ],
        "version": 3,
        "internalName": "CineBlogProvider",
        "url": "https://codeberg.org/cloudstream/cloudstream-extensions-multilingual/raw/branch/builds/CineBlogProvider.cs3",
        "name": "CineBlogProvider"
    },
    {
        "iconUrl": "https://www.google.com/s2/favicons?domain=cinecalidad.lol&sz=%size%",
        "apiVersion": 1,
        "repositoryUrl": "https://codeberg.org/cloudstream/cloudstream-extensions-multilingual",
        "fileSize": 15446,
        "status": 1,
        "language": "es",
        "authors": [
            
        ],
        "tvTypes": [
            "TvSeries",
            "Movie"
        ],
        "version": 1,
        "internalName": "CinecalidadProvider",
        "url": "https://codeberg.org/cloudstream/cloudstream-extensions-multilingual/raw/branch/builds/CinecalidadProvider.cs3",
        "name": "CinecalidadProvider"
    },
    {
        "iconUrl": "https://www.google.com/s2/favicons?domain=cuevana3.me&sz=%size%",
        "apiVersion": 1,
        "repositoryUrl": "https://codeberg.org/cloudstream/cloudstream-extensions-multilingual",
        "fileSize": 18839,
        "status": 1,
        "language": "es",
        "authors": [
            
        ],
        "tvTypes": [
            "Anime",
            "TvSeries",
            "Movie"
        ],
        "version": 1,
        "internalName": "CuevanaProvider",
        "url": "https://codeberg.org/cloudstream/cloudstream-extensions-multilingual/raw/branch/builds/CuevanaProvider.cs3",
        "name": "CuevanaProvider"
    },
    {
        "iconUrl": "https://www.google.com/s2/favicons?domain=dokumentalne.net&sz=%size%",
        "apiVersion": 1,
        "repositoryUrl": "https://codeberg.org/cloudstream/cloudstream-extensions-multilingual",
        "fileSize": 9252,
        "status": 1,
        "language": "pl",
        "authors": [
            "Cloudburst"
        ],
        "tvTypes": [
            "Documentary"
        ],
        "version": 1,
        "internalName": "DokumentalneProvider",
        "url": "https://codeberg.org/cloudstream/cloudstream-extensions-multilingual/raw/branch/builds/DokumentalneProvider.cs3",
        "name": "DokumentalneProvider"
    },
    {
        "iconUrl": "https://www.google.com/s2/favicons?domain=doramasyt.com&sz=%size%",
        "apiVersion": 1,
        "repositoryUrl": "https://codeberg.org/cloudstream/cloudstream-extensions-multilingual",
        "fileSize": 17111,
        "status": 1,
        "language": "es",
        "authors": [
            
        ],
        "tvTypes": [
            "Anime",
            "OVA"
        ],
        "version": 1,
        "internalName": "DoramasYTProvider",
        "url": "https://codeberg.org/cloudstream/cloudstream-extensions-multilingual/raw/branch/builds/DoramasYTProvider.cs3",
        "name": "DoramasYTProvider"
    },
    {
        "apiVersion": 1,
        "repositoryUrl": "https://codeberg.org/cloudstream/cloudstream-extensions-multilingual",
        "fileSize": 9427,
        "status": 1,
        "language": "es",
        "authors": [
            
        ],
        "tvTypes": [
            "Movie"
        ],
        "version": 1,
        "internalName": "ElifilmsProvider",
        "url": "https://codeberg.org/cloudstream/cloudstream-extensions-multilingual/raw/branch/builds/ElifilmsProvider.cs3",
        "name": "ElifilmsProvider"
    },
    {
        "iconUrl": "https://www.google.com/s2/favicons?domain=entrepeliculasyseries.nu&sz=%size%",
        "apiVersion": 1,
        "repositoryUrl": "https://codeberg.org/cloudstream/cloudstream-extensions-multilingual",
        "fileSize": 12242,
        "status": 1,
        "language": "es",
        "authors": [
            
        ],
        "tvTypes": [
            "TvSeries",
            "Movie"
        ],
        "version": 1,
        "internalName": "EntrepeliculasyseriesProvider",
        "url": "https://codeberg.org/cloudstream/cloudstream-extensions-multilingual/raw/branch/builds/EntrepeliculasyseriesProvider.cs3",
        "name": "EntrepeliculasyseriesProvider"
    },
    {
        "iconUrl": "https://www.google.com/s2/favicons?domain=www23.estrenosdoramas.net&sz=%size%",
        "apiVersion": 1,
        "repositoryUrl": "https://codeberg.org/cloudstream/cloudstream-extensions-multilingual",
        "fileSize": 17456,
        "status": 1,
        "language": "es",
        "authors": [
            
        ],
        "tvTypes": [
            "AsianDrama",
            "Movie",
            "OVA"
        ],
        "version": 1,
        "internalName": "EstrenosDoramasProvider",
        "url": "https://codeberg.org/cloudstream/cloudstream-extensions-multilingual/raw/branch/builds/EstrenosDoramasProvider.cs3",
        "name": "EstrenosDoramasProvider"
    },
    {
        "iconUrl": "https://www.google.com/s2/favicons?domain=eurostreaming.social&sz=%size%",
        "apiVersion": 1,
        "repositoryUrl": "https://codeberg.org/cloudstream/cloudstream-extensions-multilingual",
        "fileSize": 11769,
        "status": 1,
        "language": "it",
        "authors": [
            "Adippe"
        ],
        "tvTypes": [
            "TvSeries"
        ],
        "version": 3,
        "internalName": "EurostreamingProvider",
        "url": "https://codeberg.org/cloudstream/cloudstream-extensions-multilingual/raw/branch/builds/EurostreamingProvider.cs3",
        "name": "EurostreamingProvider"
    },
    {
        "iconUrl": "https://www.google.com/s2/favicons?domain=filman.cc&sz=%size%",
        "apiVersion": 1,
        "repositoryUrl": "https://codeberg.org/cloudstream/cloudstream-extensions-multilingual",
        "fileSize": 12580,
        "status": 1,
        "language": "pl",
        "authors": [
            
        ],
        "tvTypes": [
            "TvSeries",
            "Movie"
        ],
        "version": 2,
        "internalName": "FilmanProvider",
        "url": "https://codeberg.org/cloudstream/cloudstream-extensions-multilingual/raw/branch/builds/FilmanProvider.cs3",
        "name": "FilmanProvider"
    },
    {
        "iconUrl": "https://www.google.com/s2/favicons?domain=filmpertutti.photo&sz=%size%",
        "apiVersion": 1,
        "repositoryUrl": "https://codeberg.org/cloudstream/cloudstream-extensions-multilingual",
        "fileSize": 14825,
        "status": 1,
        "language": "it",
        "authors": [
            "Adippe"
        ],
        "tvTypes": [
            "TvSeries",
            "Movie"
        ],
        "version": 5,
        "internalName": "FilmpertuttiProvider",
        "url": "https://codeberg.org/cloudstream/cloudstream-extensions-multilingual/raw/branch/builds/FilmpertuttiProvider.cs3",
        "name": "FilmpertuttiProvider"
    },
    {
        "iconUrl": "https://www.google.com/s2/favicons?domain=github.com&sz=%size%",
        "apiVersion": 1,
        "repositoryUrl": "https://codeberg.org/cloudstream/cloudstream-extensions-multilingual",
        "fileSize": 14767,
        "status": 1,
        "authors": [
            "Adippe"
        ],
        "tvTypes": [
            "Live"
        ],
        "version": 1,
        "internalName": "FreeTVProvider",
        "url": "https://codeberg.org/cloudstream/cloudstream-extensions-multilingual/raw/branch/builds/FreeTVProvider.cs3",
        "name": "FreeTVProvider"
    },
    {
        "iconUrl": "https://www.google.com/s2/favicons?domain=french-stream.ac&sz=%size%",
        "apiVersion": 1,
        "repositoryUrl": "https://codeberg.org/cloudstream/cloudstream-extensions-multilingual",
        "fileSize": 18491,
        "status": 1,
        "language": "fr",
        "authors": [
            "Sarlay",
            "Eddy976"
        ],
        "tvTypes": [
            "TvSeries",
            "Movie"
        ],
        "version": 1,
        "internalName": "FrenchStreamProvider",
        "description": "FRENCH STREAM en plus d'\u00eatre un site efficace et plaisant dispose d'un contenu visuel diversifi\u00e9",
        "url": "https://codeberg.org/cloudstream/cloudstream-extensions-multilingual/raw/branch/builds/FrenchStreamProvider.cs3",
        "name": "FrenchStreamProvider"
    },
    {
        "iconUrl": "https://www.google.com/s2/favicons?domain=guardaserie.golf&sz=%size%",
        "apiVersion": 1,
        "repositoryUrl": "https://codeberg.org/cloudstream/cloudstream-extensions-multilingual",
        "fileSize": 11986,
        "status": 1,
        "language": "it",
        "authors": [
            "Adippe"
        ],
        "tvTypes": [
            "TvSeries",
            "Movie"
        ],
        "version": 3,
        "internalName": "GuardaSerieProvider",
        "url": "https://codeberg.org/cloudstream/cloudstream-extensions-multilingual/raw/branch/builds/GuardaSerieProvider.cs3",
        "name": "GuardaSerieProvider"
    },
    {
        "iconUrl": "https://www.google.com/s2/favicons?domain=hdmovie2.run&sz=%size%",
        "apiVersion": 1,
        "repositoryUrl": "https://codeberg.org/cloudstream/cloudstream-extensions-multilingual",
        "fileSize": 13484,
        "status": 1,
        "language": "hi",
        "authors": [
            
        ],
        "tvTypes": [
            "TvSeries",
            "Movie"
        ],
        "version": 3,
        "internalName": "HDMovie5",
        "url": "https://codeberg.org/cloudstream/cloudstream-extensions-multilingual/raw/branch/builds/HDMovie5.cs3",
        "name": "HDMovie5"
    },
    {
        "iconUrl": "https://www.google.com/s2/favicons?domain=ilgeniodellostreaming.hair&sz=%size%",
        "apiVersion": 1,
        "repositoryUrl": "https://codeberg.org/cloudstream/cloudstream-extensions-multilingual",
        "fileSize": 15357,
        "status": 1,
        "language": "it",
        "authors": [
            "Adippe",
            "Forthe"
        ],
        "tvTypes": [
            "TvSeries",
            "Movie"
        ],
        "version": 5,
        "internalName": "IlGenioDelloStreamingProvider",
        "url": "https://codeberg.org/cloudstream/cloudstream-extensions-multilingual/raw/branch/builds/IlGenioDelloStreamingProvider.cs3",
        "name": "IlGenioDelloStreamingProvider"
    },
    {
        "iconUrl": "https://www.google.com/s2/favicons?domain=github.com&sz=%size%",
        "apiVersion": 1,
        "repositoryUrl": "https://codeberg.org/cloudstream/cloudstream-extensions-multilingual",
        "fileSize": 15586,
        "status": 1,
        "authors": [
            "Adippe"
        ],
        "tvTypes": [
            "Live"
        ],
        "version": 1,
        "internalName": "IptvorgProvider",
        "url": "https://codeberg.org/cloudstream/cloudstream-extensions-multilingual/raw/branch/builds/IptvorgProvider.cs3",
        "name": "IptvorgProvider"
    },
    {
        "iconUrl": "https://www.google.com/s2/favicons?domain=jkanime.net&sz=%size%",
        "apiVersion": 1,
        "repositoryUrl": "https://codeberg.org/cloudstream/cloudstream-extensions-multilingual",
        "fileSize": 22138,
        "status": 1,
        "language": "es",
        "authors": [
            
        ],
        "tvTypes": [
            "Anime",
            "OVA"
        ],
        "version": 1,
        "internalName": "JKAnimeProvider",
        "url": "https://codeberg.org/cloudstream/cloudstream-extensions-multilingual/raw/branch/builds/JKAnimeProvider.cs3",
        "name": "JKAnimeProvider"
    },
    {
        "iconUrl": "https://www.google.com/s2/favicons?domain=mesfilms.lol&sz=%size%",
        "apiVersion": 1,
        "repositoryUrl": "https://codeberg.org/cloudstream/cloudstream-extensions-multilingual",
        "fileSize": 16322,
        "status": 1,
        "language": "fr",
        "authors": [
            "Sarlay"
        ],
        "tvTypes": [
            "Movie"
        ],
        "version": 1,
        "internalName": "MesFilmsProvider",
        "url": "https://codeberg.org/cloudstream/cloudstream-extensions-multilingual/raw/branch/builds/MesFilmsProvider.cs3",
        "name": "MesFilmsProvider"
    },
    {
        "iconUrl": "https://www.google.com/s2/favicons?domain=monoschinos2.com&sz=%size%",
        "apiVersion": 1,
        "repositoryUrl": "https://codeberg.org/cloudstream/cloudstream-extensions-multilingual",
        "fileSize": 16810,
        "status": 1,
        "language": "es",
        "authors": [
            
        ],
        "tvTypes": [
            "Anime",
            "OVA"
        ],
        "version": 1,
        "internalName": "MonoschinosProvider",
        "url": "https://codeberg.org/cloudstream/cloudstream-extensions-multilingual/raw/branch/builds/MonoschinosProvider.cs3",
        "name": "MonoschinosProvider"
    },
    {
        "iconUrl": "https://www.google.com/s2/favicons?domain=www.mundodonghua.com&sz=%size%",
        "apiVersion": 1,
        "repositoryUrl": "https://codeberg.org/cloudstream/cloudstream-extensions-multilingual",
        "fileSize": 18315,
        "status": 1,
        "language": "es",
        "authors": [
            
        ],
        "tvTypes": [
            "AnimeMovie",
            "Anime"
        ],
        "version": 2,
        "internalName": "MundoDonghuaProvider",
        "url": "https://codeberg.org/cloudstream/cloudstream-extensions-multilingual/raw/branch/builds/MundoDonghuaProvider.cs3",
        "name": "MundoDonghuaProvider"
    },
    {
        "iconUrl": "https://www.google.com/s2/favicons?domain=neko-sama.fr&sz=%size%",
        "apiVersion": 1,
        "repositoryUrl": "https://codeberg.org/cloudstream/cloudstream-extensions-multilingual",
        "fileSize": 25268,
        "status": 1,
        "language": "fr",
        "authors": [
            "Eddy"
        ],
        "tvTypes": [
            "Anime",
            "AnimeMovie"
        ],
        "version": 1,
        "internalName": "NekosamaProvider",
        "description": " Ce site fait son entr\u00e9e dans la cat\u00e9gorie des meilleurs sites animes Fran\u00e7ais. Il est tr\u00e8s fiable car quasiment tous ses liens vid\u00e9os marchent. Il propose des animes en \u00ab VF \u00bb version fran\u00e7aise et en \u00ab VOSTFR \u00bb version originale Sous-titr\u00e9e en Fran\u00e7ais.",
        "url": "https://codeberg.org/cloudstream/cloudstream-extensions-multilingual/raw/branch/builds/NekosamaProvider.cs3",
        "name": "NekosamaProvider"
    },
    {
        "iconUrl": "https://media.discordapp.net/attachments/1027568249900109875/1046110428402561025/JK8J1KX.png?width=%size%&height=%size%",
        "apiVersion": 1,
        "repositoryUrl": "https://codeberg.org/cloudstream/cloudstream-extensions-multilingual",
        "fileSize": 19149,
        "status": 1,
        "authors": [
            "ImZaw"
        ],
        "tvTypes": [
            "Live"
        ],
        "version": 6,
        "internalName": "NineGoalProvider",
        "description": "",
        "url": "https://codeberg.org/cloudstream/cloudstream-extensions-multilingual/raw/branch/builds/NineGoalProvider.cs3",
        "name": "NineGoalProvider"
    },
    {
        "iconUrl": "https://www.google.com/s2/favicons?domain=pelisflix.li&sz=%size%",
        "apiVersion": 1,
        "repositoryUrl": "https://codeberg.org/cloudstream/cloudstream-extensions-multilingual",
        "fileSize": 15334,
        "status": 0,
        "language": "es",
        "authors": [
            
        ],
        "tvTypes": [
            "TvSeries",
            "Movie"
        ],
        "version": 1,
        "internalName": "PelisflixProvider",
        "url": "https://codeberg.org/cloudstream/cloudstream-extensions-multilingual/raw/branch/builds/PelisflixProvider.cs3",
        "name": "PelisflixProvider"
    },
    {
        "iconUrl": "https://www.google.com/s2/favicons?domain=pelismart.com&sz=%size%",
        "apiVersion": 1,
        "repositoryUrl": "https://codeberg.org/cloudstream/cloudstream-extensions-multilingual",
        "fileSize": 11336,
        "status": 0,
        "language": "es",
        "authors": [
            
        ],
        "tvTypes": [
            "TvSeries",
            "Movie"
        ],
        "version": 1,
        "internalName": "PeliSmartProvider",
        "url": "https://codeberg.org/cloudstream/cloudstream-extensions-multilingual/raw/branch/builds/PeliSmartProvider.cs3",
        "name": "PeliSmartProvider"
    },
    {
        "iconUrl": "https://www.google.com/s2/favicons?domain=pelisplushd.net&sz=%size%",
        "apiVersion": 1,
        "repositoryUrl": "https://codeberg.org/cloudstream/cloudstream-extensions-multilingual",
        "fileSize": 11080,
        "status": 0,
        "language": "es",
        "authors": [
            
        ],
        "tvTypes": [
            "TvSeries",
            "Movie"
        ],
        "version": 1,
        "internalName": "PelisplusHDProvider",
        "url": "https://codeberg.org/cloudstream/cloudstream-extensions-multilingual/raw/branch/builds/PelisplusHDProvider.cs3",
        "name": "PelisplusHDProvider"
    },
    {
        "iconUrl": "https://www.google.com/s2/favicons?domain=pelisplus.icu&sz=%size%",
        "apiVersion": 1,
        "repositoryUrl": "https://codeberg.org/cloudstream/cloudstream-extensions-multilingual",
        "fileSize": 14532,
        "status": 1,
        "language": "es",
        "authors": [
            
        ],
        "tvTypes": [
            "TvSeries",
            "Movie"
        ],
        "version": 1,
        "internalName": "PelisplusProvider",
        "url": "https://codeberg.org/cloudstream/cloudstream-extensions-multilingual/raw/branch/builds/PelisplusProvider.cs3",
        "name": "PelisplusProvider"
    },
    {
        "iconUrl": "https://www.google.com/s2/favicons?domain=www.pinoy-hd.xyz&sz=%size%",
        "apiVersion": 1,
        "repositoryUrl": "https://codeberg.org/cloudstream/cloudstream-extensions-multilingual",
        "fileSize": 12345,
        "status": 1,
        "language": "tl",
        "authors": [
            "Jace"
        ],
        "tvTypes": [
            "AsianDrama",
            "Movie"
        ],
        "version": 1,
        "internalName": "PinoyHDXyzProvider",
        "description": "Pinoy HD Movies - High Definition",
        "url": "https://codeberg.org/cloudstream/cloudstream-extensions-multilingual/raw/branch/builds/PinoyHDXyzProvider.cs3",
        "name": "PinoyHDXyzProvider"
    },
    {
        "apiVersion": 1,
        "repositoryUrl": "https://codeberg.org/cloudstream/cloudstream-extensions-multilingual",
        "fileSize": 27173,
        "status": 1,
        "language": "tl",
        "authors": [
            "Jace"
        ],
        "tvTypes": [
            "AsianDrama"
        ],
        "version": 3,
        "internalName": "PinoyMovies",
        "description": "Includes PinoyMoviePediaProvider and PinoyMoviesEsProvider",
        "url": "https://codeberg.org/cloudstream/cloudstream-extensions-multilingual/raw/branch/builds/PinoyMovies.cs3",
        "name": "PinoyMovies"
    },
    {
        "iconUrl": "https://www.google.com/s2/favicons?domain=www.pinoymovieshub.ph&sz=%size%",
        "apiVersion": 1,
        "repositoryUrl": "https://codeberg.org/cloudstream/cloudstream-extensions-multilingual",
        "fileSize": 18743,
        "status": 1,
        "language": "tl",
        "authors": [
            "Jace"
        ],
        "tvTypes": [
            "Movie",
            "TvSeries",
            "AsianDrama"
        ],
        "version": 3,
        "internalName": "PinoyMoviesHub",
        "description": "Pinoy Movies Hub",
        "url": "https://codeberg.org/cloudstream/cloudstream-extensions-multilingual/raw/branch/builds/PinoyMoviesHub.cs3",
        "name": "PinoyMoviesHub"
    },
    {
        "iconUrl": "https://www.google.com/s2/favicons?domain=seriesflix.video&sz=%size%",
        "apiVersion": 1,
        "repositoryUrl": "https://codeberg.org/cloudstream/cloudstream-extensions-multilingual",
        "fileSize": 14685,
        "status": 1,
        "language": "es",
        "authors": [
            
        ],
        "tvTypes": [
            "TvSeries",
            "Movie"
        ],
        "version": 1,
        "internalName": "SeriesflixProvider",
        "url": "https://codeberg.org/cloudstream/cloudstream-extensions-multilingual/raw/branch/builds/SeriesflixProvider.cs3",
        "name": "SeriesflixProvider"
    },
    {
        "iconUrl": "https://www.google.com/s2/favicons?domain=skillshare.com&sz=%size%",
        "apiVersion": 1,
        "repositoryUrl": "https://codeberg.org/cloudstream/cloudstream-extensions-multilingual",
        "fileSize": 18244,
        "status": 1,
        "language": "en",
        "authors": [
            "Forthe"
        ],
        "tvTypes": [
            "Others"
        ],
        "version": 5,
        "internalName": "SkillShareProvider",
        "url": "https://codeberg.org/cloudstream/cloudstream-extensions-multilingual/raw/branch/builds/SkillShareProvider.cs3",
        "name": "SkillShareProvider"
    },
    {
        "iconUrl": "https://www.google.com/s2/favicons?domain=seriesflix.video&sz=%size%",
        "apiVersion": 1,
        "repositoryUrl": "https://codeberg.org/cloudstream/cloudstream-extensions-multilingual",
        "fileSize": 64552,
        "status": 1,
        "language": "it",
        "authors": [
            "Adippe",
            "Forthe"
        ],
        "tvTypes": [
            "TvSeries",
            "Movie",
            "AnimeMovie",
            "Anime",
            "OVA"
        ],
        "version": 3,
        "internalName": "SoraItalianStream",
        "description": "Provider che utilizza tmdb. Non tutti i links sono funzionanti",
        "url": "https://codeberg.org/cloudstream/cloudstream-extensions-multilingual/raw/branch/builds/SoraItalianStream.cs3",
        "name": "SoraItalianStream"
    },
    {
        "iconUrl": "https://www.google.com/s2/favicons?domain=starlive.xyz&sz=%size%",
        "apiVersion": 1,
        "repositoryUrl": "https://codeberg.org/cloudstream/cloudstream-extensions-multilingual",
        "fileSize": 14197,
        "status": 1,
        "language": "it",
        "authors": [
            "Adippe"
        ],
        "tvTypes": [
            "Live"
        ],
        "version": 3,
        "internalName": "StarLiveProvider",
        "url": "https://codeberg.org/cloudstream/cloudstream-extensions-multilingual/raw/branch/builds/StarLiveProvider.cs3",
        "name": "StarLiveProvider"
    },
    {
        "iconUrl": "https://www.google.com/s2/favicons?domain=streamingcommunity.online&sz=%size%",
        "apiVersion": 1,
        "repositoryUrl": "https://codeberg.org/cloudstream/cloudstream-extensions-multilingual",
        "fileSize": 35418,
        "status": 1,
        "language": "it",
        "authors": [
            "Adippe",
            "Forthe"
        ],
        "tvTypes": [
            "TvSeries",
            "Movie"
        ],
        "version": 7,
        "internalName": "StreamingcommunityProvider",
        "url": "https://codeberg.org/cloudstream/cloudstream-extensions-multilingual/raw/branch/builds/StreamingcommunityProvider.cs3",
        "name": "StreamingcommunityProvider"
    },
    {
        "iconUrl": "https://www.google.com/s2/favicons?domain=tantifilm.mobi&sz=%size%",
        "apiVersion": 1,
        "repositoryUrl": "https://codeberg.org/cloudstream/cloudstream-extensions-multilingual",
        "fileSize": 16625,
        "status": 1,
        "language": "it",
        "authors": [
            "Adippe"
        ],
        "tvTypes": [
            "TvSeries",
            "Movie"
        ],
        "version": 5,
        "internalName": "TantiFilmProvider",
        "url": "https://codeberg.org/cloudstream/cloudstream-extensions-multilingual/raw/branch/builds/TantiFilmProvider.cs3",
        "name": "TantiFilmProvider"
    },
    {
        "iconUrl": "https://www.google.com/s2/favicons?domain=github.com&sz=%size%",
        "apiVersion": 1,
        "repositoryUrl": "https://codeberg.org/cloudstream/cloudstream-extensions-multilingual",
        "fileSize": 24641,
        "status": 1,
        "language": "it",
        "authors": [
            "Adippe"
        ],
        "tvTypes": [
            "Live"
        ],
        "version": 2,
        "internalName": "TvItalianaProvider",
        "url": "https://codeberg.org/cloudstream/cloudstream-extensions-multilingual/raw/branch/builds/TvItalianaProvider.cs3",
        "name": "TvItalianaProvider"
    },
    {
        "iconUrl": "https://www.google.com/s2/favicons?domain=tvpolan.ml&sz=%size%",
        "apiVersion": 1,
        "repositoryUrl": "https://codeberg.org/cloudstream/cloudstream-extensions-multilingual",
        "fileSize": 7487,
        "status": 1,
        "language": "pl",
        "authors": [
            "Cloudburst"
        ],
        "tvTypes": [
            "Live"
        ],
        "version": 1,
        "internalName": "TvpolanProvider",
        "url": "https://codeberg.org/cloudstream/cloudstream-extensions-multilingual/raw/branch/builds/TvpolanProvider.cs3",
        "name": "TvpolanProvider"
    },
    {
        "iconUrl": "https://www.google.com/s2/favicons?domain=vf-film.me&sz=%size%",
        "apiVersion": 1,
        "repositoryUrl": "https://codeberg.org/cloudstream/cloudstream-extensions-multilingual",
        "fileSize": 8040,
        "status": 1,
        "language": "fr",
        "authors": [
            
        ],
        "tvTypes": [
            "Movie"
        ],
        "version": 1,
        "internalName": "VfFilmProvider",
        "url": "https://codeberg.org/cloudstream/cloudstream-extensions-multilingual/raw/branch/builds/VfFilmProvider.cs3",
        "name": "VfFilmProvider"
    },
    {
        "apiVersion": 1,
        "repositoryUrl": "https://codeberg.org/cloudstream/cloudstream-extensions-multilingual",
        "fileSize": 9320,
        "status": 1,
        "language": "fr",
        "authors": [
            
        ],
        "tvTypes": [
            "TvSeries"
        ],
        "version": 1,
        "internalName": "VfSerieProvider",
        "url": "https://codeberg.org/cloudstream/cloudstream-extensions-multilingual/raw/branch/builds/VfSerieProvider.cs3",
        "name": "VfSerieProvider"
    },
    {
        "iconUrl": "https://www.google.com/s2/favicons?domain=vizjer.pl&sz=%size%",
        "apiVersion": 1,
        "repositoryUrl": "https://codeberg.org/cloudstream/cloudstream-extensions-multilingual",
        "fileSize": 12502,
        "status": 1,
        "language": "pl",
        "authors": [
            "Cloudburst"
        ],
        "tvTypes": [
            "Movie",
            "TvSeries"
        ],
        "version": 4,
        "internalName": "VizjerProvider",
        "url": "https://codeberg.org/cloudstream/cloudstream-extensions-multilingual/raw/branch/builds/VizjerProvider.cs3",
        "name": "VizjerProvider"
    },
    {
        "iconUrl": "https://www.google.com/s2/favicons?domain=vostfree.cx&sz=%size%",
        "apiVersion": 1,
        "repositoryUrl": "https://codeberg.org/cloudstream/cloudstream-extensions-multilingual",
        "fileSize": 20150,
        "status": 1,
        "language": "fr",
        "authors": [
            "Eddy"
        ],
        "tvTypes": [
            "Anime",
            "AnimeMovie"
        ],
        "version": 1,
        "internalName": "VostfreeProvider",
        "description": " Ce site est certainement l\u2019un des meilleurs sites permettant de regarder des animes en ligne et gratuitement. Il vous propose la version \u00ab VF \u00bb version fran\u00e7aise et la \u00ab VOSTFR \u00bb version originale Sous-titr\u00e9e en Fran\u00e7ais.",
        "url": "https://codeberg.org/cloudstream/cloudstream-extensions-multilingual/raw/branch/builds/VostfreeProvider.cs3",
        "name": "VostfreeProvider"
    },
    {
        "iconUrl": "https://raw.githubusercontent.com/recloudstream/cloudstream-extensions-multilingual/master/WebFlix/icon.png",
        "apiVersion": 1,
        "repositoryUrl": "https://codeberg.org/cloudstream/cloudstream-extensions-multilingual",
        "fileSize": 20273,
        "status": 1,
        "authors": [
            "Cloudburst"
        ],
        "tvTypes": [
            "Movies",
            "TvSeries",
            "Live"
        ],
        "version": 3,
        "internalName": "WebFlix",
        "description": "Adds multiple sites using WebFlix. This includes sites in English, Polish, Portuguese and Arabic",
        "url": "https://codeberg.org/cloudstream/cloudstream-extensions-multilingual/raw/branch/builds/WebFlix.cs3",
        "name": "WebFlix"
    },
    {
        "iconUrl": "https://www.google.com/s2/favicons?domain=wiflix.zone&sz=%size%",
        "apiVersion": 1,
        "repositoryUrl": "https://codeberg.org/cloudstream/cloudstream-extensions-multilingual",
        "fileSize": 21915,
        "status": 1,
        "language": "fr",
        "authors": [
            "Eddy"
        ],
        "tvTypes": [
            "TvSeries",
            "Movie"
        ],
        "version": 1,
        "internalName": "WiflixProvider",
        "description": "WIFLIX, le site gr\u00e2ce auquel vous allez pouvoir regarder vos films et s\u00e9ries pr\u00e9f\u00e9r\u00e9es",
        "url": "https://codeberg.org/cloudstream/cloudstream-extensions-multilingual/raw/branch/builds/WiflixProvider.cs3",
        "name": "WiflixProvider"
    },
    {
        "iconUrl": "https://www.google.com/s2/favicons?domain=xcine.me&sz=%size%",
        "apiVersion": 1,
        "repositoryUrl": "https://codeberg.org/cloudstream/cloudstream-extensions-multilingual",
        "fileSize": 17822,
        "status": 0,
        "language": "de",
        "authors": [
            
        ],
        "tvTypes": [
            "AnimeMovie",
            "Anime",
            "TvSeries",
            "Movie"
        ],
        "version": 1,
        "internalName": "XcineProvider",
        "url": "https://codeberg.org/cloudstream/cloudstream-extensions-multilingual/raw/branch/builds/XcineProvider.cs3",
        "name": "XcineProvider"
    },
    {
        "iconUrl": "https://www.google.com/s2/favicons?domain=zaluknij.xyz&sz=%size%",
        "apiVersion": 1,
        "repositoryUrl": "https://codeberg.org/cloudstream/cloudstream-extensions-multilingual",
        "fileSize": 12263,
        "status": 1,
        "language": "pl",
        "authors": [
            "Cloudburst"
        ],
        "tvTypes": [
            "Movie",
            "TvSeries"
        ],
        "version": 2,
        "internalName": "ZaluknijProvider",
        "url": "https://codeberg.org/cloudstream/cloudstream-extensions-multilingual/raw/branch/builds/ZaluknijProvider.cs3",
        "name": "ZaluknijProvider"
    }
]